Glenda,Marquardt,Glenda_Marquardt80@hotmail.com,69023562057
Eliane,Schroeder,Eliane.Schroeder6@yahoo.com,87237043056
Scottie,MacGyver,Scottie38@gmail.com,85450316958
Meda,Baumbach,Meda_Baumbach@hotmail.com,90406915321
Alexa,Herman,Alexa.Herman37@gmail.com,90528656188
Amelia,Jakubowski,Amelia96@yahoo.com,74506727424
Domenica,Kling,Domenica46@hotmail.com,48968928498
Moses,Heathcote,Moses78@yahoo.com,51032216976
Mervin,Okuneva,Mervin.Okuneva57@gmail.com,34303180194
Omer,Runolfsdottir,Omer76@gmail.com,32580595730
Berta,Corwin,Berta_Corwin76@yahoo.com,41088331229
Eldon,Weber,Eldon36@hotmail.com,34580263594
Lowell,Tremblay,Lowell83@gmail.com,08451971512
Myrtie,Hansen,Myrtie_Hansen37@yahoo.com,08632796117
Kitty,Spencer,Kitty.Spencer60@yahoo.com,50872952638
Clementina,Swift,Clementina_Swift91@hotmail.com,80753975721
Allene,Breitenberg,Allene.Breitenberg@yahoo.com,22180206375
Damion,Glover,Damion69@yahoo.com,24839637873
Estelle,Hermiston,Estelle_Hermiston52@gmail.com,83855132816
Bryana,Ebert,Bryana_Ebert@hotmail.com,29949668781
Erwin,Brakus,Erwin_Brakus@hotmail.com,79870369956
Myles,Jakubowski,Myles24@yahoo.com,45626957686
Athena,Kunde,Athena_Kunde@yahoo.com,50577435939
Clair,Halvorson,Clair_Halvorson@yahoo.com,73594464914
Gage,Walsh,Gage24@gmail.com,13607104253
Aleen,Strosin,Aleen.Strosin@gmail.com,56056326556
Marcel,Doyle,Marcel44@hotmail.com,90404941309
Gabe,Johnston,Gabe48@yahoo.com,09212348356
Pearl,Schinner,Pearl.Schinner23@yahoo.com,91967805697
Randal,Schroeder,Randal3@gmail.com,96559236826
Mellie,Skiles,Mellie41@yahoo.com,65954466383
Josh,Witting-Berge,Josh88@hotmail.com,90457405160
Verner,Spencer,Verner.Spencer@yahoo.com,59881044076
Rachel,Kuphal,Rachel_Kuphal@hotmail.com,97149434300
Sid,Sauer,Sid66@yahoo.com,00177526056
Piper,Dibbert,Piper.Dibbert99@gmail.com,63766782929
Lauriane,Lynch,Lauriane_Lynch46@yahoo.com,65551116503
Lloyd,Rowe-Denesik,Lloyd_Rowe-Denesik83@hotmail.com,25252607701
Izabella,Torp,Izabella_Torp45@gmail.com,41763562373
Courtney,Haley,Courtney_Haley36@yahoo.com,87446671809
Myrtle,Herman,Myrtle85@gmail.com,46506544899
Modesta,Parisian,Modesta_Parisian@gmail.com,13410472922
Benny,Walter,Benny_Walter96@gmail.com,13479944913
Pat,Homenick,Pat_Homenick15@gmail.com,20939548734
Brycen,Schinner,Brycen.Schinner@gmail.com,83076666612
Dagmar,Beahan-Jones,Dagmar_Beahan-Jones11@yahoo.com,96231676168
Alison,Runte,Alison58@hotmail.com,46869586381
Emmanuelle,Gerhold,Emmanuelle.Gerhold@hotmail.com,86959499074
Cecelia,Hessel,Cecelia97@hotmail.com,58882066935
Adam,VonRueden,Adam_VonRueden49@hotmail.com,21355210704
